{"59.0": -125.50162561247971, "200.0": -125.49986991062632, "77.6": -125.50128824137757, "9.3": -125.50698976150431, "24.0": -125.51001663445972, "4.7": -125.50696076314489, "50.0": -125.50304411584429, "0.0": -125.50680372595332, "28.7": -125.50870269239684, "87.2": -125.50315356489827, "76.8": -125.50405190462014}