{"59.0": 0.0010677373662269615, "200.0": 0.0008547071690838574, "77.6": 0.0016232041061367438, "9.3": 0.001414495106726136, "24.0": 0.0013321361089218271, "4.7": 0.0014242150734720678, "50.0": 0.001565236689236578, "0.0": 0.001365024685857382, "28.7": 0.0016156369818039905, "87.2": 0.0010843992941764074, "76.8": 0.0011599977468840696}