{"59.0": 0.19601940738835671, "9.3": 0.1773836636385706, "0.0": 0.17084364788497416, "28.7": 0.1766481736897122, "87.2": 0.1978682294711045}