{"59.0": 0.007945412883620872, "9.3": 0.00798344125792127, "0.0": 0.013227090455241317, "28.7": 0.006826704608619719, "87.2": 0.013875637306529097}