{"59.0": 0.5760502820912028, "77.6": 0.6276452170788711, "9.3": 0.30555016115313394, "24.0": 0.379584876493286, "4.7": 0.21882958247462025, "50.0": 0.5356453529211618, "0.0": 0.19007558234981922, "87.2": 0.6024793737011074, "28.7": 0.4538550862503574, "76.8": 0.6556337769809227}