{"59.0": 0.038096373281578715, "77.6": 0.05333270487832364, "9.3": 0.03184350634805815, "24.0": 0.0474411921032486, "4.7": 0.04589180114947258, "50.0": 0.046808086026315025, "0.0": 0.028860561486888616, "87.2": 0.04539429715220052, "28.7": 0.05665942812031167, "76.8": 0.03188279676890743}