{"4.7": 6.573872018478565, "28.7": 6.572013169863142, "59.0": 6.5711929831241696, "50.0": 6.572175988887728, "9.3": 6.572021097662811, "76.8": 6.571506238393942, "200.0": 6.5676963755625035, "24.0": 6.571579280400497, "0.0": 6.5730999084212645}