{"4.7": 0.0002031310712006331, "28.7": 0.00019608328022571698, "59.0": 0.00021012666751898118, "50.0": 0.00017193798545559881, "9.3": 0.00018608712071923383, "76.8": 0.0002102577218248862, "200.0": 0.000176961185677672, "24.0": 0.00018403815543256997, "0.0": 0.00023520790729339165}